data/fastqs/LOSH_001/LOSH_001_22N13684_S94_L004_R1_001.fastq.gz	@A00987:636:HC53KDSX7:4:1101:9308:1078
data/fastqs/LOSH_001/LOSH_001_22N13684_S94_L004_R2_001.fastq.gz	@A00987:636:HC53KDSX7:4:1101:9308:1078
data/fastqs/LOSH_001/LOSH_001_22N13685_S95_L004_R1_001.fastq.gz	@A00987:636:HC53KDSX7:4:1101:17535:1078
data/fastqs/LOSH_001/LOSH_001_22N13685_S95_L004_R2_001.fastq.gz	@A00987:636:HC53KDSX7:4:1101:17535:1078
data/fastqs/LOSH_001/LOSH_001_22N13686_S96_L004_R1_001.fastq.gz	@A00987:636:HC53KDSX7:4:1101:11641:1078
data/fastqs/LOSH_001/LOSH_001_22N13686_S96_L004_R2_001.fastq.gz	@A00987:636:HC53KDSX7:4:1101:11641:1078
data/fastqs/LOSH_001/LOSH_001_22N13687_S97_L004_R1_001.fastq.gz	@A00987:636:HC53KDSX7:4:1101:12509:1078
data/fastqs/LOSH_001/LOSH_001_22N13687_S97_L004_R2_001.fastq.gz	@A00987:636:HC53KDSX7:4:1101:12509:1078
data/fastqs/LOSH_001/LOSH_001_22N13688_S98_L004_R1_001.fastq.gz	@A00987:636:HC53KDSX7:4:1101:14226:1078
data/fastqs/LOSH_001/LOSH_001_22N13688_S98_L004_R2_001.fastq.gz	@A00987:636:HC53KDSX7:4:1101:14226:1078
data/fastqs/LOSH_001/LOSH_001_22N13689_S99_L004_R1_001.fastq.gz	@A00987:636:HC53KDSX7:4:1101:9435:1078
data/fastqs/LOSH_001/LOSH_001_22N13689_S99_L004_R2_001.fastq.gz	@A00987:636:HC53KDSX7:4:1101:9435:1078
data/fastqs/LOSH_001/LOSH_001_22N13690_S100_L004_R1_001.fastq.gz	@A00987:636:HC53KDSX7:4:1101:14281:1078
data/fastqs/LOSH_001/LOSH_001_22N13690_S100_L004_R2_001.fastq.gz	@A00987:636:HC53KDSX7:4:1101:14281:1078
data/fastqs/LOSH_001/LOSH_001_22N13691_S101_L004_R1_001.fastq.gz	@A00987:636:HC53KDSX7:4:1101:15203:1078
data/fastqs/LOSH_001/LOSH_001_22N13691_S101_L004_R2_001.fastq.gz	@A00987:636:HC53KDSX7:4:1101:15203:1078
data/fastqs/LOSH_001/LOSH_001_22N13692_S102_L004_R1_001.fastq.gz	@A00987:636:HC53KDSX7:4:1101:12527:1078
data/fastqs/LOSH_001/LOSH_001_22N13692_S102_L004_R2_001.fastq.gz	@A00987:636:HC53KDSX7:4:1101:12527:1078
data/fastqs/LOSH_001/LOSH_001_22N13693_S103_L004_R1_001.fastq.gz	@A00987:636:HC53KDSX7:4:1101:10194:1078
data/fastqs/LOSH_001/LOSH_001_22N13693_S103_L004_R2_001.fastq.gz	@A00987:636:HC53KDSX7:4:1101:10194:1078
data/fastqs/LOSH_004/L_03N5161_CKDL240029305-1A_22FWCTLT4_L7_1.fq.gz	@lh00134:531:22FWCTLT4:7:1101:2966:1042
data/fastqs/LOSH_004/L_03N5161_CKDL240029305-1A_22FWCTLT4_L7_2.fq.gz	@lh00134:531:22FWCTLT4:7:1101:2966:1042
data/fastqs/LOSH_004/L_03N5162_CKDL240029305-1A_22FWCTLT4_L7_1.fq.gz	@lh00134:531:22FWCTLT4:7:1101:1736:1042
data/fastqs/LOSH_004/L_03N5162_CKDL240029305-1A_22FWCTLT4_L7_2.fq.gz	@lh00134:531:22FWCTLT4:7:1101:1736:1042
data/fastqs/LOSH_004/L_03N5164_CKDL240029305-1A_22FWCTLT4_L7_1.fq.gz	@lh00134:531:22FWCTLT4:7:1101:3743:1042
data/fastqs/LOSH_004/L_03N5164_CKDL240029305-1A_22FWCTLT4_L7_2.fq.gz	@lh00134:531:22FWCTLT4:7:1101:3743:1042
data/fastqs/LOSH_004/L_05N6695_CKDL240029305-1A_22FWCTLT4_L7_1.fq.gz	@lh00134:531:22FWCTLT4:7:1101:5912:1042
data/fastqs/LOSH_004/L_05N6695_CKDL240029305-1A_22FWCTLT4_L7_2.fq.gz	@lh00134:531:22FWCTLT4:7:1101:5912:1042
data/fastqs/LOSH_004/L_05N7299_CKDL240029305-1A_22FWCTLT4_L7_1.fq.gz	@lh00134:531:22FWCTLT4:7:1101:1186:1042
data/fastqs/LOSH_004/L_05N7299_CKDL240029305-1A_22FWCTLT4_L7_2.fq.gz	@lh00134:531:22FWCTLT4:7:1101:1186:1042
data/fastqs/LOSH_004/L_06N21083_CKDL240029305-1A_22FWCTLT4_L7_1.fq.gz	@lh00134:531:22FWCTLT4:7:1101:1380:1042
data/fastqs/LOSH_004/L_06N21083_CKDL240029305-1A_22FWCTLT4_L7_2.fq.gz	@lh00134:531:22FWCTLT4:7:1101:1380:1042
data/fastqs/LOSH_004/L_07N2481_CKDL240029305-1A_22FWCTLT4_L7_1.fq.gz	@lh00134:531:22FWCTLT4:7:1101:4132:1042
data/fastqs/LOSH_004/L_07N2481_CKDL240029305-1A_22FWCTLT4_L7_2.fq.gz	@lh00134:531:22FWCTLT4:7:1101:4132:1042
data/fastqs/LOSH_004/L_14N1866_CKDL240029305-1A_22FWCTLT4_L7_1.fq.gz	@lh00134:531:22FWCTLT4:7:1101:11827:1056
data/fastqs/LOSH_004/L_14N1866_CKDL240029305-1A_22FWCTLT4_L7_2.fq.gz	@lh00134:531:22FWCTLT4:7:1101:11827:1056
data/fastqs/LOSH_004/L_15N3853_CKDL240029305-1A_22FWCTLT4_L7_1.fq.gz	@lh00134:531:22FWCTLT4:7:1101:2643:1042
data/fastqs/LOSH_004/L_15N3853_CKDL240029305-1A_22FWCTLT4_L7_2.fq.gz	@lh00134:531:22FWCTLT4:7:1101:2643:1042
data/fastqs/LOSH_004/L_15N3858_CKDL240029305-1A_22FWCTLT4_L7_1.fq.gz	@lh00134:531:22FWCTLT4:7:1101:3614:1042
data/fastqs/LOSH_004/L_15N3858_CKDL240029305-1A_22FWCTLT4_L7_2.fq.gz	@lh00134:531:22FWCTLT4:7:1101:3614:1042
data/fastqs/LOSH_004/L_16N0734_CKDL240029305-1A_22FWCTLT4_L7_1.fq.gz	@lh00134:531:22FWCTLT4:7:1101:2270:1042
data/fastqs/LOSH_004/L_16N0734_CKDL240029305-1A_22FWCTLT4_L7_2.fq.gz	@lh00134:531:22FWCTLT4:7:1101:2270:1042
data/fastqs/LOSH_004/L_16N2305_CKDL240029305-1A_22FWCTLT4_L7_1.fq.gz	@lh00134:531:22FWCTLT4:7:1101:2173:1042
data/fastqs/LOSH_004/L_16N2305_CKDL240029305-1A_22FWCTLT4_L7_2.fq.gz	@lh00134:531:22FWCTLT4:7:1101:2173:1042
data/fastqs/LOSH_004/L_16N4440_CKDL240029305-1A_22FWCTLT4_L7_1.fq.gz	@lh00134:531:22FWCTLT4:7:1101:1429:1042
data/fastqs/LOSH_004/L_16N4440_CKDL240029305-1A_22FWCTLT4_L7_2.fq.gz	@lh00134:531:22FWCTLT4:7:1101:1429:1042
data/fastqs/LOSH_004/L_21N02074_CKDL240029305-1A_22FWCTLT4_L7_1.fq.gz	@lh00134:531:22FWCTLT4:7:1101:2918:1042
data/fastqs/LOSH_004/L_21N02074_CKDL240029305-1A_22FWCTLT4_L7_2.fq.gz	@lh00134:531:22FWCTLT4:7:1101:2918:1042
data/fastqs/LOSH_004/L_21N02075_CKDL240029305-1A_22FWCTLT4_L7_1.fq.gz	@lh00134:531:22FWCTLT4:7:1101:4180:1042
data/fastqs/LOSH_004/L_21N02075_CKDL240029305-1A_22FWCTLT4_L7_2.fq.gz	@lh00134:531:22FWCTLT4:7:1101:4180:1042
data/fastqs/LOSH_004/L_21N02077_CKDL240029305-1A_22FWCTLT4_L7_1.fq.gz	@lh00134:531:22FWCTLT4:7:1101:4245:1042
data/fastqs/LOSH_004/L_21N02077_CKDL240029305-1A_22FWCTLT4_L7_2.fq.gz	@lh00134:531:22FWCTLT4:7:1101:4245:1042
data/fastqs/LOSH_004/L_22N04664_CKDL240029305-1A_22FWCTLT4_L7_1.fq.gz	@lh00134:531:22FWCTLT4:7:1101:3792:1042
data/fastqs/LOSH_004/L_22N04664_CKDL240029305-1A_22FWCTLT4_L7_2.fq.gz	@lh00134:531:22FWCTLT4:7:1101:3792:1042
data/fastqs/LOSH_004/L_22N06262_CKDL240029305-1A_22FWCTLT4_L7_1.fq.gz	@lh00134:531:22FWCTLT4:7:1101:6333:1042
data/fastqs/LOSH_004/L_22N06262_CKDL240029305-1A_22FWCTLT4_L7_2.fq.gz	@lh00134:531:22FWCTLT4:7:1101:6333:1042
data/fastqs/LOSH_004/L_24N03111_CKDL240029305-1A_22FWCTLT4_L7_1.fq.gz	@lh00134:531:22FWCTLT4:7:1101:5685:1042
data/fastqs/LOSH_004/L_24N03111_CKDL240029305-1A_22FWCTLT4_L7_2.fq.gz	@lh00134:531:22FWCTLT4:7:1101:5685:1042
data/fastqs/LOSH_004/L_24N03139_CKDL240029305-1A_22FWCTLT4_L7_1.fq.gz	@lh00134:531:22FWCTLT4:7:1101:7191:1042
data/fastqs/LOSH_004/L_24N03139_CKDL240029305-1A_22FWCTLT4_L7_2.fq.gz	@lh00134:531:22FWCTLT4:7:1101:7191:1042
data/fastqs/LOSH_004/L_24N03140_CKDL240029305-1A_22FWCTLT4_L7_1.fq.gz	@lh00134:531:22FWCTLT4:7:1101:7935:1042
data/fastqs/LOSH_004/L_24N03140_CKDL240029305-1A_22FWCTLT4_L7_2.fq.gz	@lh00134:531:22FWCTLT4:7:1101:7935:1042
data/fastqs/LOSH_004/L_24N03141_CKDL240029305-1A_22FWCTLT4_L7_1.fq.gz	@lh00134:531:22FWCTLT4:7:1101:8922:1042
data/fastqs/LOSH_004/L_24N03141_CKDL240029305-1A_22FWCTLT4_L7_2.fq.gz	@lh00134:531:22FWCTLT4:7:1101:8922:1042
data/fastqs/LOSH_004/L_24N03144_CKDL240029305-1A_22FWCTLT4_L7_1.fq.gz	@lh00134:531:22FWCTLT4:7:1101:2772:1042
data/fastqs/LOSH_004/L_24N03144_CKDL240029305-1A_22FWCTLT4_L7_2.fq.gz	@lh00134:531:22FWCTLT4:7:1101:2772:1042
data/fastqs/LOSH_004/L_24N03145_CKDL240029305-1A_22FWCTLT4_L7_1.fq.gz	@lh00134:531:22FWCTLT4:7:1101:7385:1042
data/fastqs/LOSH_004/L_24N03145_CKDL240029305-1A_22FWCTLT4_L7_2.fq.gz	@lh00134:531:22FWCTLT4:7:1101:7385:1042
data/fastqs/LOSH_004/L_24N03146_CKDL240029305-1A_22FWCTLT4_L7_1.fq.gz	@lh00134:531:22FWCTLT4:7:1101:1299:1042
data/fastqs/LOSH_004/L_24N03146_CKDL240029305-1A_22FWCTLT4_L7_2.fq.gz	@lh00134:531:22FWCTLT4:7:1101:1299:1042
data/fastqs/LOSH_004/L_24N03147_CKDL240029305-1A_22FWCTLT4_L7_1.fq.gz	@lh00134:531:22FWCTLT4:7:1101:2659:1042
data/fastqs/LOSH_004/L_24N03147_CKDL240029305-1A_22FWCTLT4_L7_2.fq.gz	@lh00134:531:22FWCTLT4:7:1101:2659:1042
data/fastqs/LOSH_004/L_24N03148_CKDL240029305-1A_22FWCTLT4_L7_1.fq.gz	@lh00134:531:22FWCTLT4:7:1101:3371:1042
data/fastqs/LOSH_004/L_24N03148_CKDL240029305-1A_22FWCTLT4_L7_2.fq.gz	@lh00134:531:22FWCTLT4:7:1101:3371:1042
data/fastqs/LOSH_004/L_24N03272_CKDL240029305-1A_22FWCTLT4_L7_1.fq.gz	@lh00134:531:22FWCTLT4:7:1101:2756:1042
data/fastqs/LOSH_004/L_24N03272_CKDL240029305-1A_22FWCTLT4_L7_2.fq.gz	@lh00134:531:22FWCTLT4:7:1101:2756:1042
data/fastqs/LOSH_004/L_24N06659_CKDL240029305-1A_22FWCTLT4_L7_1.fq.gz	@lh00134:531:22FWCTLT4:7:1101:3322:1042
data/fastqs/LOSH_004/L_24N06659_CKDL240029305-1A_22FWCTLT4_L7_2.fq.gz	@lh00134:531:22FWCTLT4:7:1101:3322:1042
data/fastqs/LOSH_004/L_24N06700_CKDL240029305-1A_22FWCTLT4_L7_1.fq.gz	@lh00134:531:22FWCTLT4:7:1101:3064:1042
data/fastqs/LOSH_004/L_24N06700_CKDL240029305-1A_22FWCTLT4_L7_2.fq.gz	@lh00134:531:22FWCTLT4:7:1101:3064:1042
data/fastqs/LOSH_004/L_24N06701_CKDL240029305-1A_22FWCTLT4_L7_1.fq.gz	@lh00134:531:22FWCTLT4:7:1101:7450:1042
data/fastqs/LOSH_004/L_24N06701_CKDL240029305-1A_22FWCTLT4_L7_2.fq.gz	@lh00134:531:22FWCTLT4:7:1101:7450:1042
data/fastqs/LOSH_004/L_24N06702_CKDL240029305-1A_22FWCTLT4_L7_1.fq.gz	@lh00134:531:22FWCTLT4:7:1101:1850:1042
data/fastqs/LOSH_004/L_24N06702_CKDL240029305-1A_22FWCTLT4_L7_2.fq.gz	@lh00134:531:22FWCTLT4:7:1101:1850:1042
data/fastqs/LOSH_004/L_24N07328_CKDL240029305-1A_22FWCTLT4_L7_1.fq.gz	@lh00134:531:22FWCTLT4:7:1101:1664:1056
data/fastqs/LOSH_004/L_24N07328_CKDL240029305-1A_22FWCTLT4_L7_2.fq.gz	@lh00134:531:22FWCTLT4:7:1101:1664:1056
data/fastqs/LOSH_004/L_24N07329_CKDL240029305-1A_22FWCTLT4_L7_1.fq.gz	@lh00134:531:22FWCTLT4:7:1101:1477:1042
data/fastqs/LOSH_004/L_24N07329_CKDL240029305-1A_22FWCTLT4_L7_2.fq.gz	@lh00134:531:22FWCTLT4:7:1101:1477:1042
data/fastqs/LOSH_004/L_24N07330_CKDL240029305-1A_22FWCTLT4_L7_1.fq.gz	@lh00134:531:22FWCTLT4:7:1101:1073:1042
data/fastqs/LOSH_004/L_24N07330_CKDL240029305-1A_22FWCTLT4_L7_2.fq.gz	@lh00134:531:22FWCTLT4:7:1101:1073:1042
data/fastqs/LOSH_004/L_24N07331_CKDL240029305-1A_22FWCTLT4_L7_1.fq.gz	@lh00134:531:22FWCTLT4:7:1101:1769:1042
data/fastqs/LOSH_004/L_24N07331_CKDL240029305-1A_22FWCTLT4_L7_2.fq.gz	@lh00134:531:22FWCTLT4:7:1101:1769:1042
data/fastqs/LOSH_004/L_24N07332_CKDL240029305-1A_22FWCTLT4_L7_1.fq.gz	@lh00134:531:22FWCTLT4:7:1101:3857:1042
data/fastqs/LOSH_004/L_24N07332_CKDL240029305-1A_22FWCTLT4_L7_2.fq.gz	@lh00134:531:22FWCTLT4:7:1101:3857:1042
data/fastqs/LOSH_004/L_24N07333_CKDL240029305-1A_22FWCTLT4_L7_1.fq.gz	@lh00134:531:22FWCTLT4:7:1101:1995:1042
data/fastqs/LOSH_004/L_24N07333_CKDL240029305-1A_22FWCTLT4_L7_2.fq.gz	@lh00134:531:22FWCTLT4:7:1101:1995:1042
data/fastqs/LOSH_004/L_24N07335_CKDL240029305-1A_22FWCTLT4_L7_1.fq.gz	@lh00134:531:22FWCTLT4:7:1101:3662:1042
data/fastqs/LOSH_004/L_24N07335_CKDL240029305-1A_22FWCTLT4_L7_2.fq.gz	@lh00134:531:22FWCTLT4:7:1101:3662:1042
data/fastqs/LOSH_004/L_24N07336_CKDL240029305-1A_22FWCTLT4_L7_1.fq.gz	@lh00134:531:22FWCTLT4:7:1101:1655:1042
data/fastqs/LOSH_004/L_24N07336_CKDL240029305-1A_22FWCTLT4_L7_2.fq.gz	@lh00134:531:22FWCTLT4:7:1101:1655:1042
data/fastqs/LOSH_004/L_24N07337_CKDL240029305-1A_22FWCTLT4_L7_1.fq.gz	@lh00134:531:22FWCTLT4:7:1101:3533:1042
data/fastqs/LOSH_004/L_24N07337_CKDL240029305-1A_22FWCTLT4_L7_2.fq.gz	@lh00134:531:22FWCTLT4:7:1101:3533:1042
data/fastqs/LOSH_004/L_24N07339_CKDL240029305-1A_22FWCTLT4_L7_1.fq.gz	@lh00134:531:22FWCTLT4:7:1101:1138:1042
data/fastqs/LOSH_004/L_24N07339_CKDL240029305-1A_22FWCTLT4_L7_2.fq.gz	@lh00134:531:22FWCTLT4:7:1101:1138:1042
data/fastqs/LOSH_004/L_24N07342_CKDL240029305-1A_22FWCTLT4_L7_1.fq.gz	@lh00134:531:22FWCTLT4:7:1101:3161:1042
data/fastqs/LOSH_004/L_24N07342_CKDL240029305-1A_22FWCTLT4_L7_2.fq.gz	@lh00134:531:22FWCTLT4:7:1101:3161:1042
data/fastqs/LOSH_004/L_24N07343_CKDL240029305-1A_22FWCTLT4_L7_1.fq.gz	@lh00134:531:22FWCTLT4:7:1101:4116:1042
data/fastqs/LOSH_004/L_24N07343_CKDL240029305-1A_22FWCTLT4_L7_2.fq.gz	@lh00134:531:22FWCTLT4:7:1101:4116:1042
data/fastqs/LOSH_004/L_24N07344_CKDL240029305-1A_22FWCTLT4_L7_1.fq.gz	@lh00134:531:22FWCTLT4:7:1101:1898:1042
data/fastqs/LOSH_004/L_24N07344_CKDL240029305-1A_22FWCTLT4_L7_2.fq.gz	@lh00134:531:22FWCTLT4:7:1101:1898:1042
data/fastqs/LOSH_004/L_24N07345_CKDL240029305-1A_22FWCTLT4_L7_1.fq.gz	@lh00134:531:22FWCTLT4:7:1101:3468:1042
data/fastqs/LOSH_004/L_24N07345_CKDL240029305-1A_22FWCTLT4_L7_2.fq.gz	@lh00134:531:22FWCTLT4:7:1101:3468:1042
data/fastqs/LOSH_004/L_24N07347_CKDL240029305-1A_22FWCTLT4_L7_1.fq.gz	@lh00134:531:22FWCTLT4:7:1101:2044:1042
data/fastqs/LOSH_004/L_24N07347_CKDL240029305-1A_22FWCTLT4_L7_2.fq.gz	@lh00134:531:22FWCTLT4:7:1101:2044:1042
data/fastqs/LOSH_004/L_24N07348_CKDL240029305-1A_22FWCTLT4_L7_1.fq.gz	@lh00134:531:22FWCTLT4:7:1101:7644:1042
data/fastqs/LOSH_004/L_24N07348_CKDL240029305-1A_22FWCTLT4_L7_2.fq.gz	@lh00134:531:22FWCTLT4:7:1101:7644:1042
data/fastqs/LOSH_004/L_24N07349_CKDL240029305-1A_22FWCTLT4_L7_1.fq.gz	@lh00134:531:22FWCTLT4:7:1101:4439:1042
data/fastqs/LOSH_004/L_24N07349_CKDL240029305-1A_22FWCTLT4_L7_2.fq.gz	@lh00134:531:22FWCTLT4:7:1101:4439:1042
data/fastqs/LOSH_004/L_24N07350_CKDL240029305-1A_22FWCTLT4_L7_1.fq.gz	@lh00134:531:22FWCTLT4:7:1101:6559:1042
data/fastqs/LOSH_004/L_24N07350_CKDL240029305-1A_22FWCTLT4_L7_2.fq.gz	@lh00134:531:22FWCTLT4:7:1101:6559:1042
data/fastqs/LOSH_004/L_24N07351_CKDL240029305-1A_22FWCTLT4_L7_1.fq.gz	@lh00134:531:22FWCTLT4:7:1101:1154:1042
data/fastqs/LOSH_004/L_24N07351_CKDL240029305-1A_22FWCTLT4_L7_2.fq.gz	@lh00134:531:22FWCTLT4:7:1101:1154:1042
data/fastqs/LOSH_004/L_24N07352_CKDL240029305-1A_22FWCTLT4_L7_1.fq.gz	@lh00134:531:22FWCTLT4:7:1101:3096:1042
data/fastqs/LOSH_004/L_24N07352_CKDL240029305-1A_22FWCTLT4_L7_2.fq.gz	@lh00134:531:22FWCTLT4:7:1101:3096:1042
data/fastqs/LOSH_004/L_24N07353_CKDL240029305-1A_22FWCTLT4_L7_1.fq.gz	@lh00134:531:22FWCTLT4:7:1101:5054:1042
data/fastqs/LOSH_004/L_24N07353_CKDL240029305-1A_22FWCTLT4_L7_2.fq.gz	@lh00134:531:22FWCTLT4:7:1101:5054:1042
data/fastqs/LOSH_004/L_24N07354_CKDL240029305-1A_22FWCTLT4_L7_1.fq.gz	@lh00134:531:22FWCTLT4:7:1101:2805:1042
data/fastqs/LOSH_004/L_24N07354_CKDL240029305-1A_22FWCTLT4_L7_2.fq.gz	@lh00134:531:22FWCTLT4:7:1101:2805:1042
data/fastqs/LOSH_004/L_24N07355_CKDL240029305-1A_22FWCTLT4_L7_1.fq.gz	@lh00134:531:22FWCTLT4:7:1101:1979:1042
data/fastqs/LOSH_004/L_24N07355_CKDL240029305-1A_22FWCTLT4_L7_2.fq.gz	@lh00134:531:22FWCTLT4:7:1101:1979:1042
data/fastqs/LOSH_004/L_24N07356_CKDL240029305-1A_22FWCTLT4_L7_1.fq.gz	@lh00134:531:22FWCTLT4:7:1101:7498:1042
data/fastqs/LOSH_004/L_24N07356_CKDL240029305-1A_22FWCTLT4_L7_2.fq.gz	@lh00134:531:22FWCTLT4:7:1101:7498:1042
data/fastqs/LOSH_004/L_24N07357_CKDL240029305-1A_22FWCTLT4_L7_1.fq.gz	@lh00134:531:22FWCTLT4:7:1101:5119:1042
data/fastqs/LOSH_004/L_24N07357_CKDL240029305-1A_22FWCTLT4_L7_2.fq.gz	@lh00134:531:22FWCTLT4:7:1101:5119:1042
data/fastqs/LOSH_004/L_24N07358_CKDL240029305-1A_22FWCTLT4_L7_1.fq.gz	@lh00134:531:22FWCTLT4:7:1101:3905:1042
data/fastqs/LOSH_004/L_24N07358_CKDL240029305-1A_22FWCTLT4_L7_2.fq.gz	@lh00134:531:22FWCTLT4:7:1101:3905:1042
data/fastqs/LOSH_004/L_24N07359_CKDL240029305-1A_22FWCTLT4_L7_1.fq.gz	@lh00134:531:22FWCTLT4:7:1101:1817:1042
data/fastqs/LOSH_004/L_24N07359_CKDL240029305-1A_22FWCTLT4_L7_2.fq.gz	@lh00134:531:22FWCTLT4:7:1101:1817:1042
data/fastqs/LOSH_004/L_24N07360_CKDL240029305-1A_22FWCTLT4_L7_1.fq.gz	@lh00134:531:22FWCTLT4:7:1101:1785:1042
data/fastqs/LOSH_004/L_24N07360_CKDL240029305-1A_22FWCTLT4_L7_2.fq.gz	@lh00134:531:22FWCTLT4:7:1101:1785:1042
data/fastqs/LOSH_004/L_24N07361_CKDL240029305-1A_22FWCTLT4_L7_1.fq.gz	@lh00134:531:22FWCTLT4:7:1101:1413:1042
data/fastqs/LOSH_004/L_24N07361_CKDL240029305-1A_22FWCTLT4_L7_2.fq.gz	@lh00134:531:22FWCTLT4:7:1101:1413:1042
data/fastqs/LOSH_004/L_24N07362_CKDL240029305-1A_22FWCTLT4_L7_1.fq.gz	@lh00134:531:22FWCTLT4:7:1101:12467:1042
data/fastqs/LOSH_004/L_24N07362_CKDL240029305-1A_22FWCTLT4_L7_2.fq.gz	@lh00134:531:22FWCTLT4:7:1101:12467:1042
data/fastqs/LOSH_004/L_24N07364_CKDL240029305-1A_22FWCTLT4_L7_1.fq.gz	@lh00134:531:22FWCTLT4:7:1101:4552:1042
data/fastqs/LOSH_004/L_24N07364_CKDL240029305-1A_22FWCTLT4_L7_2.fq.gz	@lh00134:531:22FWCTLT4:7:1101:4552:1042
data/fastqs/LOSH_004/L_24N07365_CKDL240029305-1A_22FWCTLT4_L7_1.fq.gz	@lh00134:531:22FWCTLT4:7:1101:1267:1042
data/fastqs/LOSH_004/L_24N07365_CKDL240029305-1A_22FWCTLT4_L7_2.fq.gz	@lh00134:531:22FWCTLT4:7:1101:1267:1042
data/fastqs/LOSH_004/L_24N07366_CKDL240029305-1A_22FWCTLT4_L7_1.fq.gz	@lh00134:531:22FWCTLT4:7:1101:1575:1042
data/fastqs/LOSH_004/L_24N07366_CKDL240029305-1A_22FWCTLT4_L7_2.fq.gz	@lh00134:531:22FWCTLT4:7:1101:1575:1042
data/fastqs/LOSH_004/L_24N07367_CKDL240029305-1A_22FWCTLT4_L7_1.fq.gz	@lh00134:531:22FWCTLT4:7:1101:2303:1042
data/fastqs/LOSH_004/L_24N07367_CKDL240029305-1A_22FWCTLT4_L7_2.fq.gz	@lh00134:531:22FWCTLT4:7:1101:2303:1042
data/fastqs/LOSH_004/L_24N07368_CKDL240029305-1A_22FWCTLT4_L7_1.fq.gz	@lh00134:531:22FWCTLT4:7:1101:4148:1042
data/fastqs/LOSH_004/L_24N07368_CKDL240029305-1A_22FWCTLT4_L7_2.fq.gz	@lh00134:531:22FWCTLT4:7:1101:4148:1042
data/fastqs/LOSH_004/L_24N07369_CKDL240029305-1A_22FWCTLT4_L7_1.fq.gz	@lh00134:531:22FWCTLT4:7:1101:2254:1042
data/fastqs/LOSH_004/L_24N07369_CKDL240029305-1A_22FWCTLT4_L7_2.fq.gz	@lh00134:531:22FWCTLT4:7:1101:2254:1042
data/fastqs/LOSH_004/L_24N07370_CKDL240029305-1A_22FWCTLT4_L7_1.fq.gz	@lh00134:531:22FWCTLT4:7:1101:2092:1042
data/fastqs/LOSH_004/L_24N07370_CKDL240029305-1A_22FWCTLT4_L7_2.fq.gz	@lh00134:531:22FWCTLT4:7:1101:2092:1042
data/fastqs/LOSH_004/L_24N07372_CKDL240029305-1A_22FWCTLT4_L7_1.fq.gz	@lh00134:531:22FWCTLT4:7:1101:1283:1042
data/fastqs/LOSH_004/L_24N07372_CKDL240029305-1A_22FWCTLT4_L7_2.fq.gz	@lh00134:531:22FWCTLT4:7:1101:1283:1042
data/fastqs/LOSH_004/L_24N07373_CKDL240029305-1A_22FWCTLT4_L7_1.fq.gz	@lh00134:531:22FWCTLT4:7:1101:4455:1042
data/fastqs/LOSH_004/L_24N07373_CKDL240029305-1A_22FWCTLT4_L7_2.fq.gz	@lh00134:531:22FWCTLT4:7:1101:4455:1042
data/fastqs/LOSH_004/L_24N07374_CKDL240029305-1A_22FWCTLT4_L7_1.fq.gz	@lh00134:531:22FWCTLT4:7:1101:4310:1042
data/fastqs/LOSH_004/L_24N07374_CKDL240029305-1A_22FWCTLT4_L7_2.fq.gz	@lh00134:531:22FWCTLT4:7:1101:4310:1042
data/fastqs/LOSH_004/L_24N07375_CKDL240029305-1A_22FWCTLT4_L7_1.fq.gz	@lh00134:531:22FWCTLT4:7:1101:1170:1042
data/fastqs/LOSH_004/L_24N07375_CKDL240029305-1A_22FWCTLT4_L7_2.fq.gz	@lh00134:531:22FWCTLT4:7:1101:1170:1042
data/fastqs/LOSH_004/L_24N07376_CKDL240029305-1A_22FWCTLT4_L7_1.fq.gz	@lh00134:531:22FWCTLT4:7:1101:3776:1042
data/fastqs/LOSH_004/L_24N07376_CKDL240029305-1A_22FWCTLT4_L7_2.fq.gz	@lh00134:531:22FWCTLT4:7:1101:3776:1042
data/fastqs/LOSH_004/L_24N07377_CKDL240029305-1A_22FWCTLT4_L7_1.fq.gz	@lh00134:531:22FWCTLT4:7:1101:2902:1042
data/fastqs/LOSH_004/L_24N07377_CKDL240029305-1A_22FWCTLT4_L7_2.fq.gz	@lh00134:531:22FWCTLT4:7:1101:2902:1042
data/fastqs/LOSH_004/L_24N07378_CKDL240029305-1A_22FWCTLT4_L7_1.fq.gz	@lh00134:531:22FWCTLT4:7:1101:1753:1042
data/fastqs/LOSH_004/L_24N07378_CKDL240029305-1A_22FWCTLT4_L7_2.fq.gz	@lh00134:531:22FWCTLT4:7:1101:1753:1042
data/fastqs/LOSH_005/L_03N5163_CKDL240029306-1A_22FWCTLT4_L8_1.fq.gz	@lh00134:531:22FWCTLT4:8:1101:3946:1056
data/fastqs/LOSH_005/L_03N5163_CKDL240029306-1A_22FWCTLT4_L8_2.fq.gz	@lh00134:531:22FWCTLT4:8:1101:3946:1056
data/fastqs/LOSH_005/L_06N13059_CKDL240029306-1A_22FWCTLT4_L8_1.fq.gz	@lh00134:531:22FWCTLT4:8:1101:3055:1056
data/fastqs/LOSH_005/L_06N13059_CKDL240029306-1A_22FWCTLT4_L8_2.fq.gz	@lh00134:531:22FWCTLT4:8:1101:3055:1056
data/fastqs/LOSH_005/L_06N21061_CKDL240029306-1A_22FWCTLT4_L8_1.fq.gz	@lh00134:531:22FWCTLT4:8:1101:3476:1056
data/fastqs/LOSH_005/L_06N21061_CKDL240029306-1A_22FWCTLT4_L8_2.fq.gz	@lh00134:531:22FWCTLT4:8:1101:3476:1056
data/fastqs/LOSH_005/L_06N21075_CKDL240029306-1A_22FWCTLT4_L8_1.fq.gz	@lh00134:531:22FWCTLT4:8:1101:1939:1056
data/fastqs/LOSH_005/L_06N21075_CKDL240029306-1A_22FWCTLT4_L8_2.fq.gz	@lh00134:531:22FWCTLT4:8:1101:1939:1056
data/fastqs/LOSH_005/L_06N21090_CKDL240029306-1A_22FWCTLT4_L8_1.fq.gz	@lh00134:531:22FWCTLT4:8:1101:1097:1056
data/fastqs/LOSH_005/L_06N21090_CKDL240029306-1A_22FWCTLT4_L8_2.fq.gz	@lh00134:531:22FWCTLT4:8:1101:1097:1056
data/fastqs/LOSH_005/L_15N2649_CKDL240029306-1A_22FWCTLT4_L8_1.fq.gz	@lh00134:531:22FWCTLT4:8:1101:3298:1056
data/fastqs/LOSH_005/L_15N2649_CKDL240029306-1A_22FWCTLT4_L8_2.fq.gz	@lh00134:531:22FWCTLT4:8:1101:3298:1056
data/fastqs/LOSH_005/L_15N2969_CKDL240029306-1A_22FWCTLT4_L8_1.fq.gz	@lh00134:531:22FWCTLT4:8:1101:2376:1056
data/fastqs/LOSH_005/L_15N2969_CKDL240029306-1A_22FWCTLT4_L8_2.fq.gz	@lh00134:531:22FWCTLT4:8:1101:2376:1056
data/fastqs/LOSH_005/L_15N2970_CKDL240029306-1A_22FWCTLT4_L8_1.fq.gz	@lh00134:531:22FWCTLT4:8:1101:2764:1056
data/fastqs/LOSH_005/L_15N2970_CKDL240029306-1A_22FWCTLT4_L8_2.fq.gz	@lh00134:531:22FWCTLT4:8:1101:2764:1056
data/fastqs/LOSH_005/L_15N3418_CKDL240029306-1A_22FWCTLT4_L8_1.fq.gz	@lh00134:531:22FWCTLT4:8:1101:2052:1056
data/fastqs/LOSH_005/L_15N3418_CKDL240029306-1A_22FWCTLT4_L8_2.fq.gz	@lh00134:531:22FWCTLT4:8:1101:2052:1056
data/fastqs/LOSH_005/L_15N3845_CKDL240029306-1A_22FWCTLT4_L8_1.fq.gz	@lh00134:531:22FWCTLT4:8:1101:1032:1056
data/fastqs/LOSH_005/L_15N3845_CKDL240029306-1A_22FWCTLT4_L8_2.fq.gz	@lh00134:531:22FWCTLT4:8:1101:1032:1056
data/fastqs/LOSH_005/L_17N03189_CKDL240029306-1A_22FWCTLT4_L8_1.fq.gz	@lh00134:531:22FWCTLT4:8:1101:3557:1056
data/fastqs/LOSH_005/L_17N03189_CKDL240029306-1A_22FWCTLT4_L8_2.fq.gz	@lh00134:531:22FWCTLT4:8:1101:3557:1056
data/fastqs/LOSH_005/L_21N02067_CKDL240029306-1A_22FWCTLT4_L8_1.fq.gz	@lh00134:531:22FWCTLT4:8:1101:2020:1056
data/fastqs/LOSH_005/L_21N02067_CKDL240029306-1A_22FWCTLT4_L8_2.fq.gz	@lh00134:531:22FWCTLT4:8:1101:2020:1056
data/fastqs/LOSH_005/L_21N02068_CKDL240029306-1A_22FWCTLT4_L8_1.fq.gz	@lh00134:531:22FWCTLT4:8:1101:2181:1056
data/fastqs/LOSH_005/L_21N02068_CKDL240029306-1A_22FWCTLT4_L8_2.fq.gz	@lh00134:531:22FWCTLT4:8:1101:2181:1056
data/fastqs/LOSH_005/L_21N02070_CKDL240029306-1A_22FWCTLT4_L8_1.fq.gz	@lh00134:531:22FWCTLT4:8:1101:7231:1056
data/fastqs/LOSH_005/L_21N02070_CKDL240029306-1A_22FWCTLT4_L8_2.fq.gz	@lh00134:531:22FWCTLT4:8:1101:7231:1056
data/fastqs/LOSH_005/L_21N02072_CKDL240029306-1A_22FWCTLT4_L8_1.fq.gz	@lh00134:531:22FWCTLT4:8:1101:8979:1056
data/fastqs/LOSH_005/L_21N02072_CKDL240029306-1A_22FWCTLT4_L8_2.fq.gz	@lh00134:531:22FWCTLT4:8:1101:8979:1056
data/fastqs/LOSH_005/L_21N02076_CKDL240029306-1A_22FWCTLT4_L8_1.fq.gz	@lh00134:531:22FWCTLT4:8:1101:1728:1056
data/fastqs/LOSH_005/L_21N02076_CKDL240029306-1A_22FWCTLT4_L8_2.fq.gz	@lh00134:531:22FWCTLT4:8:1101:1728:1056
data/fastqs/LOSH_005/L_21N02103_CKDL240029306-1A_22FWCTLT4_L8_1.fq.gz	@lh00134:531:22FWCTLT4:8:1101:2683:1056
data/fastqs/LOSH_005/L_21N02103_CKDL240029306-1A_22FWCTLT4_L8_2.fq.gz	@lh00134:531:22FWCTLT4:8:1101:2683:1056
data/fastqs/LOSH_005/L_21N02124_CKDL240029306-1A_22FWCTLT4_L8_1.fq.gz	@lh00134:531:22FWCTLT4:8:1101:1615:1056
data/fastqs/LOSH_005/L_21N02124_CKDL240029306-1A_22FWCTLT4_L8_2.fq.gz	@lh00134:531:22FWCTLT4:8:1101:1615:1056
data/fastqs/LOSH_005/L_21N02125_CKDL240029306-1A_22FWCTLT4_L8_1.fq.gz	@lh00134:531:22FWCTLT4:8:1101:6373:1056
data/fastqs/LOSH_005/L_21N02125_CKDL240029306-1A_22FWCTLT4_L8_2.fq.gz	@lh00134:531:22FWCTLT4:8:1101:6373:1056
data/fastqs/LOSH_005/L_21N02128_CKDL240029306-1A_22FWCTLT4_L8_1.fq.gz	@lh00134:531:22FWCTLT4:8:1101:5985:1056
data/fastqs/LOSH_005/L_21N02128_CKDL240029306-1A_22FWCTLT4_L8_2.fq.gz	@lh00134:531:22FWCTLT4:8:1101:5985:1056
data/fastqs/LOSH_005/L_21N02129_CKDL240029306-1A_22FWCTLT4_L8_1.fq.gz	@lh00134:531:22FWCTLT4:8:1101:6017:1056
data/fastqs/LOSH_005/L_21N02129_CKDL240029306-1A_22FWCTLT4_L8_2.fq.gz	@lh00134:531:22FWCTLT4:8:1101:6017:1056
data/fastqs/LOSH_005/L_21N02192_CKDL240029306-1A_22FWCTLT4_L8_1.fq.gz	@lh00134:531:22FWCTLT4:8:1101:1405:1056
data/fastqs/LOSH_005/L_21N02192_CKDL240029306-1A_22FWCTLT4_L8_2.fq.gz	@lh00134:531:22FWCTLT4:8:1101:1405:1056
data/fastqs/LOSH_005/L_21N02193_CKDL240029306-1A_22FWCTLT4_L8_1.fq.gz	@lh00134:531:22FWCTLT4:8:1101:1809:1056
data/fastqs/LOSH_005/L_21N02193_CKDL240029306-1A_22FWCTLT4_L8_2.fq.gz	@lh00134:531:22FWCTLT4:8:1101:1809:1056
data/fastqs/LOSH_005/L_21N02194_CKDL240029306-1A_22FWCTLT4_L8_1.fq.gz	@lh00134:531:22FWCTLT4:8:1101:2133:1056
data/fastqs/LOSH_005/L_21N02194_CKDL240029306-1A_22FWCTLT4_L8_2.fq.gz	@lh00134:531:22FWCTLT4:8:1101:2133:1056
data/fastqs/LOSH_005/L_21N02195_CKDL240029306-1A_22FWCTLT4_L8_1.fq.gz	@lh00134:531:22FWCTLT4:8:1101:2942:1056
data/fastqs/LOSH_005/L_21N02195_CKDL240029306-1A_22FWCTLT4_L8_2.fq.gz	@lh00134:531:22FWCTLT4:8:1101:2942:1056
data/fastqs/LOSH_005/L_21N02196_CKDL240029306-1A_22FWCTLT4_L8_1.fq.gz	@lh00134:531:22FWCTLT4:8:1101:1825:1056
data/fastqs/LOSH_005/L_21N02196_CKDL240029306-1A_22FWCTLT4_L8_2.fq.gz	@lh00134:531:22FWCTLT4:8:1101:1825:1056
data/fastqs/LOSH_005/L_21N02197_CKDL240029306-1A_22FWCTLT4_L8_1.fq.gz	@lh00134:531:22FWCTLT4:8:1101:4091:1056
data/fastqs/LOSH_005/L_21N02197_CKDL240029306-1A_22FWCTLT4_L8_2.fq.gz	@lh00134:531:22FWCTLT4:8:1101:4091:1056
data/fastqs/LOSH_005/L_21N02198_CKDL240029306-1A_22FWCTLT4_L8_1.fq.gz	@lh00134:531:22FWCTLT4:8:1101:13575:1056
data/fastqs/LOSH_005/L_21N02198_CKDL240029306-1A_22FWCTLT4_L8_2.fq.gz	@lh00134:531:22FWCTLT4:8:1101:13575:1056
data/fastqs/LOSH_005/L_21N02199_CKDL240029306-1A_22FWCTLT4_L8_1.fq.gz	@lh00134:531:22FWCTLT4:8:1101:1518:1056
data/fastqs/LOSH_005/L_21N02199_CKDL240029306-1A_22FWCTLT4_L8_2.fq.gz	@lh00134:531:22FWCTLT4:8:1101:1518:1056
data/fastqs/LOSH_005/L_21N02200_CKDL240029306-1A_22FWCTLT4_L8_1.fq.gz	@lh00134:531:22FWCTLT4:8:1101:4366:1056
data/fastqs/LOSH_005/L_21N02200_CKDL240029306-1A_22FWCTLT4_L8_2.fq.gz	@lh00134:531:22FWCTLT4:8:1101:4366:1056
data/fastqs/LOSH_005/L_21N02201_CKDL240029306-1A_22FWCTLT4_L8_1.fq.gz	@lh00134:531:22FWCTLT4:8:1101:3039:1056
data/fastqs/LOSH_005/L_21N02201_CKDL240029306-1A_22FWCTLT4_L8_2.fq.gz	@lh00134:531:22FWCTLT4:8:1101:3039:1056
data/fastqs/LOSH_005/L_21N02227_CKDL240029306-1A_22FWCTLT4_L8_1.fq.gz	@lh00134:531:22FWCTLT4:8:1101:1372:1056
data/fastqs/LOSH_005/L_21N02227_CKDL240029306-1A_22FWCTLT4_L8_2.fq.gz	@lh00134:531:22FWCTLT4:8:1101:1372:1056
data/fastqs/LOSH_005/L_22N04640_CKDL240029306-1A_22FWCTLT4_L8_1.fq.gz	@lh00134:531:22FWCTLT4:8:1101:1761:1056
data/fastqs/LOSH_005/L_22N04640_CKDL240029306-1A_22FWCTLT4_L8_2.fq.gz	@lh00134:531:22FWCTLT4:8:1101:1761:1056
data/fastqs/LOSH_005/L_22N04662_CKDL240029306-1A_22FWCTLT4_L8_1.fq.gz	@lh00134:531:22FWCTLT4:8:1101:1680:1056
data/fastqs/LOSH_005/L_22N04662_CKDL240029306-1A_22FWCTLT4_L8_2.fq.gz	@lh00134:531:22FWCTLT4:8:1101:1680:1056
data/fastqs/LOSH_005/L_22N04663_CKDL240029306-1A_22FWCTLT4_L8_1.fq.gz	@lh00134:531:22FWCTLT4:8:1101:1388:1056
data/fastqs/LOSH_005/L_22N04663_CKDL240029306-1A_22FWCTLT4_L8_2.fq.gz	@lh00134:531:22FWCTLT4:8:1101:1388:1056
data/fastqs/LOSH_005/L_22N06256_CKDL240029306-1A_22FWCTLT4_L8_1.fq.gz	@lh00134:531:22FWCTLT4:8:1101:6600:1056
data/fastqs/LOSH_005/L_22N06256_CKDL240029306-1A_22FWCTLT4_L8_2.fq.gz	@lh00134:531:22FWCTLT4:8:1101:6600:1056
data/fastqs/LOSH_005/L_22N06260_CKDL240029306-1A_22FWCTLT4_L8_1.fq.gz	@lh00134:531:22FWCTLT4:8:1101:1486:1056
data/fastqs/LOSH_005/L_22N06260_CKDL240029306-1A_22FWCTLT4_L8_2.fq.gz	@lh00134:531:22FWCTLT4:8:1101:1486:1056
data/fastqs/LOSH_005/L_22N06261_CKDL240029306-1A_22FWCTLT4_L8_1.fq.gz	@lh00134:531:22FWCTLT4:8:1101:3994:1056
data/fastqs/LOSH_005/L_22N06261_CKDL240029306-1A_22FWCTLT4_L8_2.fq.gz	@lh00134:531:22FWCTLT4:8:1101:3994:1056
data/fastqs/LOSH_005/L_22N19132_CKDL240029306-1A_22FWCTLT4_L8_1.fq.gz	@lh00134:531:22FWCTLT4:8:1101:9481:1056
data/fastqs/LOSH_005/L_22N19132_CKDL240029306-1A_22FWCTLT4_L8_2.fq.gz	@lh00134:531:22FWCTLT4:8:1101:9481:1056
data/fastqs/LOSH_005/L_22N19133_CKDL240029306-1A_22FWCTLT4_L8_1.fq.gz	@lh00134:531:22FWCTLT4:8:1101:1275:1056
data/fastqs/LOSH_005/L_22N19133_CKDL240029306-1A_22FWCTLT4_L8_2.fq.gz	@lh00134:531:22FWCTLT4:8:1101:1275:1056
data/fastqs/LOSH_005/L_23N15933_CKDL240029306-1A_22FWCTLT4_L8_1.fq.gz	@lh00134:531:22FWCTLT4:8:1101:1324:1056
data/fastqs/LOSH_005/L_23N15933_CKDL240029306-1A_22FWCTLT4_L8_2.fq.gz	@lh00134:531:22FWCTLT4:8:1101:1324:1056
data/fastqs/LOSH_005/L_24N03142_CKDL240029306-1A_22FWCTLT4_L8_1.fq.gz	@lh00134:531:22FWCTLT4:8:1101:2829:1056
data/fastqs/LOSH_005/L_24N03142_CKDL240029306-1A_22FWCTLT4_L8_2.fq.gz	@lh00134:531:22FWCTLT4:8:1101:2829:1056
data/fastqs/LOSH_005/L_24N03143_CKDL240029306-1A_22FWCTLT4_L8_1.fq.gz	@lh00134:531:22FWCTLT4:8:1101:1243:1056
data/fastqs/LOSH_005/L_24N03143_CKDL240029306-1A_22FWCTLT4_L8_2.fq.gz	@lh00134:531:22FWCTLT4:8:1101:1243:1056
data/fastqs/LOSH_005/L_24N03253_CKDL240029306-1A_22FWCTLT4_L8_1.fq.gz	@lh00134:531:22FWCTLT4:8:1101:19337:1084
data/fastqs/LOSH_005/L_24N03253_CKDL240029306-1A_22FWCTLT4_L8_2.fq.gz	@lh00134:531:22FWCTLT4:8:1101:19337:1084
data/fastqs/LOSH_005/L_24N03254_CKDL240029306-1A_22FWCTLT4_L8_1.fq.gz	@lh00134:531:22FWCTLT4:8:1101:4496:1056
data/fastqs/LOSH_005/L_24N03254_CKDL240029306-1A_22FWCTLT4_L8_2.fq.gz	@lh00134:531:22FWCTLT4:8:1101:4496:1056
data/fastqs/LOSH_005/L_24N03255_CKDL240029306-1A_22FWCTLT4_L8_1.fq.gz	@lh00134:531:22FWCTLT4:8:1101:3347:1056
data/fastqs/LOSH_005/L_24N03255_CKDL240029306-1A_22FWCTLT4_L8_2.fq.gz	@lh00134:531:22FWCTLT4:8:1101:3347:1056
data/fastqs/LOSH_005/L_24N03256_CKDL240029306-1A_22FWCTLT4_L8_1.fq.gz	@lh00134:531:22FWCTLT4:8:1101:2521:1056
data/fastqs/LOSH_005/L_24N03256_CKDL240029306-1A_22FWCTLT4_L8_2.fq.gz	@lh00134:531:22FWCTLT4:8:1101:2521:1056
data/fastqs/LOSH_005/L_24N03259_CKDL240029306-1A_22FWCTLT4_L8_1.fq.gz	@lh00134:531:22FWCTLT4:8:1101:4552:1070
data/fastqs/LOSH_005/L_24N03259_CKDL240029306-1A_22FWCTLT4_L8_2.fq.gz	@lh00134:531:22FWCTLT4:8:1101:4552:1070
data/fastqs/LOSH_005/L_24N03261_CKDL240029306-1A_22FWCTLT4_L8_1.fq.gz	@lh00134:531:22FWCTLT4:8:1101:7377:1056
data/fastqs/LOSH_005/L_24N03261_CKDL240029306-1A_22FWCTLT4_L8_2.fq.gz	@lh00134:531:22FWCTLT4:8:1101:7377:1056
data/fastqs/LOSH_005/L_24N03262_CKDL240029306-1A_22FWCTLT4_L8_1.fq.gz	@lh00134:531:22FWCTLT4:8:1101:18220:1056
data/fastqs/LOSH_005/L_24N03262_CKDL240029306-1A_22FWCTLT4_L8_2.fq.gz	@lh00134:531:22FWCTLT4:8:1101:18220:1056
data/fastqs/LOSH_005/L_24N03263_CKDL240029306-1A_22FWCTLT4_L8_1.fq.gz	@lh00134:531:22FWCTLT4:8:1101:1129:1056
data/fastqs/LOSH_005/L_24N03263_CKDL240029306-1A_22FWCTLT4_L8_2.fq.gz	@lh00134:531:22FWCTLT4:8:1101:1129:1056
data/fastqs/LOSH_005/L_24N03264_CKDL240029306-1A_22FWCTLT4_L8_1.fq.gz	@lh00134:531:22FWCTLT4:8:1101:13770:1056
data/fastqs/LOSH_005/L_24N03264_CKDL240029306-1A_22FWCTLT4_L8_2.fq.gz	@lh00134:531:22FWCTLT4:8:1101:13770:1056
data/fastqs/LOSH_005/L_24N03267_CKDL240029306-1A_22FWCTLT4_L8_1.fq.gz	@lh00134:531:22FWCTLT4:8:1101:4010:1056
data/fastqs/LOSH_005/L_24N03267_CKDL240029306-1A_22FWCTLT4_L8_2.fq.gz	@lh00134:531:22FWCTLT4:8:1101:4010:1056
data/fastqs/LOSH_005/L_24N03268_CKDL240029306-1A_22FWCTLT4_L8_1.fq.gz	@lh00134:531:22FWCTLT4:8:1101:18042:1056
data/fastqs/LOSH_005/L_24N03268_CKDL240029306-1A_22FWCTLT4_L8_2.fq.gz	@lh00134:531:22FWCTLT4:8:1101:18042:1056
data/fastqs/LOSH_005/L_24N03269_CKDL240029306-1A_22FWCTLT4_L8_1.fq.gz	@lh00134:531:22FWCTLT4:8:1101:1299:1070
data/fastqs/LOSH_005/L_24N03269_CKDL240029306-1A_22FWCTLT4_L8_2.fq.gz	@lh00134:531:22FWCTLT4:8:1101:1299:1070
data/fastqs/LOSH_005/L_24N03270_CKDL240029306-1A_22FWCTLT4_L8_1.fq.gz	@lh00134:531:22FWCTLT4:8:1101:10792:1056
data/fastqs/LOSH_005/L_24N03270_CKDL240029306-1A_22FWCTLT4_L8_2.fq.gz	@lh00134:531:22FWCTLT4:8:1101:10792:1056
data/fastqs/LOSH_005/L_24N03273_CKDL240029306-1A_22FWCTLT4_L8_1.fq.gz	@lh00134:531:22FWCTLT4:8:1101:1566:1056
data/fastqs/LOSH_005/L_24N03273_CKDL240029306-1A_22FWCTLT4_L8_2.fq.gz	@lh00134:531:22FWCTLT4:8:1101:1566:1056
data/fastqs/LOSH_005/L_24N03274_CKDL240029306-1A_22FWCTLT4_L8_1.fq.gz	@lh00134:531:22FWCTLT4:8:1101:3185:1056
data/fastqs/LOSH_005/L_24N03274_CKDL240029306-1A_22FWCTLT4_L8_2.fq.gz	@lh00134:531:22FWCTLT4:8:1101:3185:1056
data/fastqs/LOSH_005/L_24N03276_CKDL240029306-1A_22FWCTLT4_L8_1.fq.gz	@lh00134:531:22FWCTLT4:8:1101:1291:1056
data/fastqs/LOSH_005/L_24N03276_CKDL240029306-1A_22FWCTLT4_L8_2.fq.gz	@lh00134:531:22FWCTLT4:8:1101:1291:1056
data/fastqs/LOSH_005/L_24N03668_CKDL240029306-1A_22FWCTLT4_L8_1.fq.gz	@lh00134:531:22FWCTLT4:8:1101:1227:1056
data/fastqs/LOSH_005/L_24N03668_CKDL240029306-1A_22FWCTLT4_L8_2.fq.gz	@lh00134:531:22FWCTLT4:8:1101:1227:1056
data/fastqs/LOSH_005/L_24N03669_CKDL240029306-1A_22FWCTLT4_L8_1.fq.gz	@lh00134:531:22FWCTLT4:8:1101:1178:1056
data/fastqs/LOSH_005/L_24N03669_CKDL240029306-1A_22FWCTLT4_L8_2.fq.gz	@lh00134:531:22FWCTLT4:8:1101:1178:1056
data/fastqs/LOSH_005/L_24N03672_CKDL240029306-1A_22FWCTLT4_L8_1.fq.gz	@lh00134:531:22FWCTLT4:8:1101:3654:1056
data/fastqs/LOSH_005/L_24N03672_CKDL240029306-1A_22FWCTLT4_L8_2.fq.gz	@lh00134:531:22FWCTLT4:8:1101:3654:1056
data/fastqs/LOSH_005/L_24N06527_CKDL240029306-1A_22FWCTLT4_L8_1.fq.gz	@lh00134:531:22FWCTLT4:8:1101:2295:1056
data/fastqs/LOSH_005/L_24N06527_CKDL240029306-1A_22FWCTLT4_L8_2.fq.gz	@lh00134:531:22FWCTLT4:8:1101:2295:1056
data/fastqs/LOSH_005/L_24N06706_CKDL240029306-1A_22FWCTLT4_L8_1.fq.gz	@lh00134:531:22FWCTLT4:8:1101:5435:1056
data/fastqs/LOSH_005/L_24N06706_CKDL240029306-1A_22FWCTLT4_L8_2.fq.gz	@lh00134:531:22FWCTLT4:8:1101:5435:1056
data/fastqs/LOSH_005/L_24N06707_CKDL240029306-1A_22FWCTLT4_L8_1.fq.gz	@lh00134:531:22FWCTLT4:8:1101:2699:1056
data/fastqs/LOSH_005/L_24N06707_CKDL240029306-1A_22FWCTLT4_L8_2.fq.gz	@lh00134:531:22FWCTLT4:8:1101:2699:1056
data/fastqs/LOSH_005/L_24N06708_CKDL240029306-1A_22FWCTLT4_L8_1.fq.gz	@lh00134:531:22FWCTLT4:8:1101:1923:1056
data/fastqs/LOSH_005/L_24N06708_CKDL240029306-1A_22FWCTLT4_L8_2.fq.gz	@lh00134:531:22FWCTLT4:8:1101:1923:1056
data/fastqs/LOSH_005/L_24N06709_CKDL240029306-1A_22FWCTLT4_L8_1.fq.gz	@lh00134:531:22FWCTLT4:8:1101:5548:1056
data/fastqs/LOSH_005/L_24N06709_CKDL240029306-1A_22FWCTLT4_L8_2.fq.gz	@lh00134:531:22FWCTLT4:8:1101:5548:1056
data/fastqs/LOSH_005/L_24N07334_CKDL240029306-1A_22FWCTLT4_L8_1.fq.gz	@lh00134:531:22FWCTLT4:8:1101:4998:1056
data/fastqs/LOSH_005/L_24N07334_CKDL240029306-1A_22FWCTLT4_L8_2.fq.gz	@lh00134:531:22FWCTLT4:8:1101:4998:1056
data/fastqs/LOSH_005/L_24N07340_CKDL240029306-1A_22FWCTLT4_L8_1.fq.gz	@lh00134:531:22FWCTLT4:8:1101:3201:1056
data/fastqs/LOSH_005/L_24N07340_CKDL240029306-1A_22FWCTLT4_L8_2.fq.gz	@lh00134:531:22FWCTLT4:8:1101:3201:1056
data/fastqs/LOSH_005/L_24N07341_CKDL240029306-1A_22FWCTLT4_L8_1.fq.gz	@lh00134:531:22FWCTLT4:8:1101:1858:1056
data/fastqs/LOSH_005/L_24N07341_CKDL240029306-1A_22FWCTLT4_L8_2.fq.gz	@lh00134:531:22FWCTLT4:8:1101:1858:1056
data/fastqs/LOSH_005/L_24N07346_CKDL240029306-1A_22FWCTLT4_L8_1.fq.gz	@lh00134:531:22FWCTLT4:8:1101:1356:1056
data/fastqs/LOSH_005/L_24N07346_CKDL240029306-1A_22FWCTLT4_L8_2.fq.gz	@lh00134:531:22FWCTLT4:8:1101:1356:1056
data/fastqs/LOSH_005/L_24N07363_CKDL240029306-1A_22FWCTLT4_L8_1.fq.gz	@lh00134:531:22FWCTLT4:8:1101:1065:1056
data/fastqs/LOSH_005/L_24N07363_CKDL240029306-1A_22FWCTLT4_L8_2.fq.gz	@lh00134:531:22FWCTLT4:8:1101:1065:1056
data/fastqs/LOSH_005/L_24N11966_CKDL240029306-1A_22FWCTLT4_L8_1.fq.gz	@lh00134:531:22FWCTLT4:8:1101:1631:1056
data/fastqs/LOSH_005/L_24N11966_CKDL240029306-1A_22FWCTLT4_L8_2.fq.gz	@lh00134:531:22FWCTLT4:8:1101:1631:1056
data/fastqs/LOSH_005/L_24N11967_CKDL240029306-1A_22FWCTLT4_L8_1.fq.gz	@lh00134:531:22FWCTLT4:8:1101:1113:1056
data/fastqs/LOSH_005/L_24N11967_CKDL240029306-1A_22FWCTLT4_L8_2.fq.gz	@lh00134:531:22FWCTLT4:8:1101:1113:1056
data/fastqs/LOSH_005/L_24N11968_CKDL240029306-1A_22FWCTLT4_L8_1.fq.gz	@lh00134:531:22FWCTLT4:8:1101:2457:1056
data/fastqs/LOSH_005/L_24N11968_CKDL240029306-1A_22FWCTLT4_L8_2.fq.gz	@lh00134:531:22FWCTLT4:8:1101:2457:1056
data/fastqs/LOSH_005/L_24N11969_CKDL240029306-1A_22FWCTLT4_L8_1.fq.gz	@lh00134:531:22FWCTLT4:8:1101:3444:1056
data/fastqs/LOSH_005/L_24N11969_CKDL240029306-1A_22FWCTLT4_L8_2.fq.gz	@lh00134:531:22FWCTLT4:8:1101:3444:1056
data/fastqs/LOSH_005/L_24N11970_CKDL240029306-1A_22FWCTLT4_L8_1.fq.gz	@lh00134:531:22FWCTLT4:8:1101:1664:1056
data/fastqs/LOSH_005/L_24N11970_CKDL240029306-1A_22FWCTLT4_L8_2.fq.gz	@lh00134:531:22FWCTLT4:8:1101:1664:1056
data/fastqs/LOSH_005/L_24N11997_CKDL240029306-1A_22FWCTLT4_L8_1.fq.gz	@lh00134:531:22FWCTLT4:8:1101:1000:1056
data/fastqs/LOSH_005/L_24N11997_CKDL240029306-1A_22FWCTLT4_L8_2.fq.gz	@lh00134:531:22FWCTLT4:8:1101:1000:1056
data/fastqs/LOSH_006/A_24N19758_CKDL250006273-1A_22J7G3LT4_L6_1.fq.gz	@LH00516:305:22J7G3LT4:6:1101:49241:1042
data/fastqs/LOSH_006/A_24N19758_CKDL250006273-1A_22J7G3LT4_L6_2.fq.gz	@LH00516:305:22J7G3LT4:6:1101:49241:1042
data/fastqs/LOSH_006/B_24N19758_CKDL250006273-1A_22J7G3LT4_L6_1.fq.gz	@LH00516:305:22J7G3LT4:6:1101:41490:1042
data/fastqs/LOSH_006/B_24N19758_CKDL250006273-1A_22J7G3LT4_L6_2.fq.gz	@LH00516:305:22J7G3LT4:6:1101:41490:1042
data/fastqs/LOSH_006/L_24N03256_CKDL250006273-1A_22J7G3LT4_L6_1.fq.gz	@LH00516:305:22J7G3LT4:6:1101:39533:1042
data/fastqs/LOSH_006/L_24N03256_CKDL250006273-1A_22J7G3LT4_L6_2.fq.gz	@LH00516:305:22J7G3LT4:6:1101:39533:1042
data/fastqs/LOSH_006/L_24N03262_CKDL250006273-1A_22J7G3LT4_L6_1.fq.gz	@LH00516:305:22J7G3LT4:6:1101:39516:1042
data/fastqs/LOSH_006/L_24N03262_CKDL250006273-1A_22J7G3LT4_L6_2.fq.gz	@LH00516:305:22J7G3LT4:6:1101:39516:1042
data/fastqs/LOSH_006/L_24N03263_CKDL250006273-1A_22J7G3LT4_L6_1.fq.gz	@LH00516:305:22J7G3LT4:6:1101:38950:1042
data/fastqs/LOSH_006/L_24N03263_CKDL250006273-1A_22J7G3LT4_L6_2.fq.gz	@LH00516:305:22J7G3LT4:6:1101:38950:1042
data/fastqs/LOSH_006/L_24N03264_CKDL250006273-1A_22J7G3LT4_L6_1.fq.gz	@LH00516:305:22J7G3LT4:6:1101:38157:1042
data/fastqs/LOSH_006/L_24N03264_CKDL250006273-1A_22J7G3LT4_L6_2.fq.gz	@LH00516:305:22J7G3LT4:6:1101:38157:1042
data/fastqs/LOSH_006/L_24N03273_CKDL250006273-1A_22J7G3LT4_L6_1.fq.gz	@LH00516:305:22J7G3LT4:6:1101:39355:1042
data/fastqs/LOSH_006/L_24N03273_CKDL250006273-1A_22J7G3LT4_L6_2.fq.gz	@LH00516:305:22J7G3LT4:6:1101:39355:1042
data/fastqs/LOSH_006/L_24N03274_CKDL250006273-1A_22J7G3LT4_L6_1.fq.gz	@LH00516:305:22J7G3LT4:6:1101:40940:1042
data/fastqs/LOSH_006/L_24N03274_CKDL250006273-1A_22J7G3LT4_L6_2.fq.gz	@LH00516:305:22J7G3LT4:6:1101:40940:1042
data/fastqs/LOSH_006/L_24N19708_CKDL250006273-1A_22J7G3LT4_L6_1.fq.gz	@LH00516:305:22J7G3LT4:6:1101:39096:1042
data/fastqs/LOSH_006/L_24N19708_CKDL250006273-1A_22J7G3LT4_L6_2.fq.gz	@LH00516:305:22J7G3LT4:6:1101:39096:1042
data/fastqs/LOSH_006/L_24N19758_CKDL250006273-1A_22J7G3LT4_L6_1.fq.gz	@LH00516:305:22J7G3LT4:6:1101:41070:1042
data/fastqs/LOSH_006/L_24N19758_CKDL250006273-1A_22J7G3LT4_L6_2.fq.gz	@LH00516:305:22J7G3LT4:6:1101:41070:1042
data/fastqs/LOSH_006/L_24N19759_CKDL250006273-1A_22J7G3LT4_L6_1.fq.gz	@LH00516:305:22J7G3LT4:6:1101:48043:1042
data/fastqs/LOSH_006/L_24N19759_CKDL250006273-1A_22J7G3LT4_L6_2.fq.gz	@LH00516:305:22J7G3LT4:6:1101:48043:1042
data/fastqs/LOSH_006/L_24N19760_CKDL250006273-1A_22J7G3LT4_L6_1.fq.gz	@LH00516:305:22J7G3LT4:6:1101:45633:1042
data/fastqs/LOSH_006/L_24N19760_CKDL250006273-1A_22J7G3LT4_L6_2.fq.gz	@LH00516:305:22J7G3LT4:6:1101:45633:1042
data/fastqs/LOSH_006/L_24N19793_CKDL250006273-1A_22J7G3LT4_L6_1.fq.gz	@LH00516:305:22J7G3LT4:6:1101:43351:1042
data/fastqs/LOSH_006/L_24N19793_CKDL250006273-1A_22J7G3LT4_L6_2.fq.gz	@LH00516:305:22J7G3LT4:6:1101:43351:1042
data/fastqs/LOSH_006/L_24N19794_CKDL250006273-1A_22J7G3LT4_L6_1.fq.gz	@LH00516:305:22J7G3LT4:6:1101:45891:1042
data/fastqs/LOSH_006/L_24N19794_CKDL250006273-1A_22J7G3LT4_L6_2.fq.gz	@LH00516:305:22J7G3LT4:6:1101:45891:1042
data/fastqs/LOSH_006/L_24N19797_CKDL250006273-1A_22J7G3LT4_L6_1.fq.gz	@LH00516:305:22J7G3LT4:6:1101:41717:1042
data/fastqs/LOSH_006/L_24N19797_CKDL250006273-1A_22J7G3LT4_L6_2.fq.gz	@LH00516:305:22J7G3LT4:6:1101:41717:1042
data/fastqs/LOSH_006/L_24N19822_CKDL250006273-1A_22J7G3LT4_L6_1.fq.gz	@LH00516:305:22J7G3LT4:6:1101:38999:1042
data/fastqs/LOSH_006/L_24N19822_CKDL250006273-1A_22J7G3LT4_L6_2.fq.gz	@LH00516:305:22J7G3LT4:6:1101:38999:1042
data/fastqs/LOSH_006/L_24N19823_CKDL250006273-1A_22J7G3LT4_L6_1.fq.gz	@LH00516:305:22J7G3LT4:6:1101:39177:1042
data/fastqs/LOSH_006/L_24N19823_CKDL250006273-1A_22J7G3LT4_L6_2.fq.gz	@LH00516:305:22J7G3LT4:6:1101:39177:1042
data/fastqs/LOSH_006/L_24N19824_CKDL250006273-1A_22J7G3LT4_L6_1.fq.gz	@LH00516:305:22J7G3LT4:6:1101:38724:1042
data/fastqs/LOSH_006/L_24N19824_CKDL250006273-1A_22J7G3LT4_L6_2.fq.gz	@LH00516:305:22J7G3LT4:6:1101:38724:1042
data/fastqs/LOSH_006/L_24N19825_CKDL250006273-1A_22J7G3LT4_L6_1.fq.gz	@LH00516:305:22J7G3LT4:6:1101:40665:1042
data/fastqs/LOSH_006/L_24N19825_CKDL250006273-1A_22J7G3LT4_L6_2.fq.gz	@LH00516:305:22J7G3LT4:6:1101:40665:1042
data/fastqs/LOSH_006/L_24N19826_CKDL250006273-1A_22J7G3LT4_L6_1.fq.gz	@LH00516:305:22J7G3LT4:6:1101:39241:1042
data/fastqs/LOSH_006/L_24N19826_CKDL250006273-1A_22J7G3LT4_L6_2.fq.gz	@LH00516:305:22J7G3LT4:6:1101:39241:1042
data/fastqs/LOSH_006/L_24N19831_CKDL250006273-1A_22J7G3LT4_L6_1.fq.gz	@LH00516:305:22J7G3LT4:6:1101:30302:1056
data/fastqs/LOSH_006/L_24N19831_CKDL250006273-1A_22J7G3LT4_L6_2.fq.gz	@LH00516:305:22J7G3LT4:6:1101:30302:1056
data/fastqs/LOSH_006/L_24N19832_CKDL250006273-1A_22J7G3LT4_L6_1.fq.gz	@LH00516:305:22J7G3LT4:6:1101:20076:1056
data/fastqs/LOSH_006/L_24N19832_CKDL250006273-1A_22J7G3LT4_L6_2.fq.gz	@LH00516:305:22J7G3LT4:6:1101:20076:1056
data/fastqs/LOSH_006/L_24N19833_CKDL250006273-1A_22J7G3LT4_L6_1.fq.gz	@LH00516:305:22J7G3LT4:6:1101:39452:1042
data/fastqs/LOSH_006/L_24N19833_CKDL250006273-1A_22J7G3LT4_L6_2.fq.gz	@LH00516:305:22J7G3LT4:6:1101:39452:1042
data/fastqs/LOSH_006/L_24N19834_CKDL250006273-1A_22J7G3LT4_L6_1.fq.gz	@LH00516:305:22J7G3LT4:6:1101:50826:1042
data/fastqs/LOSH_006/L_24N19834_CKDL250006273-1A_22J7G3LT4_L6_2.fq.gz	@LH00516:305:22J7G3LT4:6:1101:50826:1042
data/fastqs/LOSH_006/L_24N19835_CKDL250006273-1A_22J7G3LT4_L6_1.fq.gz	@LH00516:305:22J7G3LT4:6:1101:39727:1042
data/fastqs/LOSH_006/L_24N19835_CKDL250006273-1A_22J7G3LT4_L6_2.fq.gz	@LH00516:305:22J7G3LT4:6:1101:39727:1042
data/fastqs/LOSH_006/L_24N19838_CKDL250006273-1A_22J7G3LT4_L6_1.fq.gz	@LH00516:305:22J7G3LT4:6:1101:40762:1042
data/fastqs/LOSH_006/L_24N19838_CKDL250006273-1A_22J7G3LT4_L6_2.fq.gz	@LH00516:305:22J7G3LT4:6:1101:40762:1042
data/fastqs/LOSH_006/L_24N19839_CKDL250006273-1A_22J7G3LT4_L6_1.fq.gz	@LH00516:305:22J7G3LT4:6:1101:41620:1042
data/fastqs/LOSH_006/L_24N19839_CKDL250006273-1A_22J7G3LT4_L6_2.fq.gz	@LH00516:305:22J7G3LT4:6:1101:41620:1042
data/fastqs/LOSH_006/L_24N19840_CKDL250006273-1A_22J7G3LT4_L6_1.fq.gz	@LH00516:305:22J7G3LT4:6:1101:43497:1042
data/fastqs/LOSH_006/L_24N19840_CKDL250006273-1A_22J7G3LT4_L6_2.fq.gz	@LH00516:305:22J7G3LT4:6:1101:43497:1042
data/fastqs/LOSH_006/L_24N19842_CKDL250006273-1A_22J7G3LT4_L6_1.fq.gz	@LH00516:305:22J7G3LT4:6:1101:43028:1042
data/fastqs/LOSH_006/L_24N19842_CKDL250006273-1A_22J7G3LT4_L6_2.fq.gz	@LH00516:305:22J7G3LT4:6:1101:43028:1042
data/fastqs/LOSH_006/L_24N19844_CKDL250006273-1A_22J7G3LT4_L6_1.fq.gz	@LH00516:305:22J7G3LT4:6:1101:38805:1042
data/fastqs/LOSH_006/L_24N19844_CKDL250006273-1A_22J7G3LT4_L6_2.fq.gz	@LH00516:305:22J7G3LT4:6:1101:38805:1042
data/fastqs/LOSH_006/L_24N19858_CKDL250006273-1A_22J7G3LT4_L6_1.fq.gz	@LH00516:305:22J7G3LT4:6:1101:38254:1042
data/fastqs/LOSH_006/L_24N19858_CKDL250006273-1A_22J7G3LT4_L6_2.fq.gz	@LH00516:305:22J7G3LT4:6:1101:38254:1042
data/fastqs/LOSH_006/L_24N19859_CKDL250006273-1A_22J7G3LT4_L6_1.fq.gz	@LH00516:305:22J7G3LT4:6:1101:39063:1042
data/fastqs/LOSH_006/L_24N19859_CKDL250006273-1A_22J7G3LT4_L6_2.fq.gz	@LH00516:305:22J7G3LT4:6:1101:39063:1042
data/fastqs/LOSH_006/L_24N19863_CKDL250006273-1A_22J7G3LT4_L6_1.fq.gz	@LH00516:305:22J7G3LT4:6:1101:38675:1042
data/fastqs/LOSH_006/L_24N19863_CKDL250006273-1A_22J7G3LT4_L6_2.fq.gz	@LH00516:305:22J7G3LT4:6:1101:38675:1042
data/fastqs/LOSH_006/L_24N19864_CKDL250006273-1A_22J7G3LT4_L6_1.fq.gz	@LH00516:305:22J7G3LT4:6:1101:38222:1042
data/fastqs/LOSH_006/L_24N19864_CKDL250006273-1A_22J7G3LT4_L6_2.fq.gz	@LH00516:305:22J7G3LT4:6:1101:38222:1042
data/fastqs/LOSH_006/L_24N19867_CKDL250006273-1A_22J7G3LT4_L6_1.fq.gz	@LH00516:305:22J7G3LT4:6:1101:39209:1042
data/fastqs/LOSH_006/L_24N19867_CKDL250006273-1A_22J7G3LT4_L6_2.fq.gz	@LH00516:305:22J7G3LT4:6:1101:39209:1042
data/fastqs/LOSH_006/L_24N19868_CKDL250006273-1A_22J7G3LT4_L6_1.fq.gz	@LH00516:305:22J7G3LT4:6:1101:38287:1042
data/fastqs/LOSH_006/L_24N19868_CKDL250006273-1A_22J7G3LT4_L6_2.fq.gz	@LH00516:305:22J7G3LT4:6:1101:38287:1042
data/fastqs/LOSH_006/L_24N19869_CKDL250006273-1A_22J7G3LT4_L6_1.fq.gz	@LH00516:305:22J7G3LT4:6:1101:40018:1042
data/fastqs/LOSH_006/L_24N19869_CKDL250006273-1A_22J7G3LT4_L6_2.fq.gz	@LH00516:305:22J7G3LT4:6:1101:40018:1042
data/fastqs/LOSH_006/L_24N19870_CKDL250006273-1A_22J7G3LT4_L6_1.fq.gz	@LH00516:305:22J7G3LT4:6:1101:39112:1042
data/fastqs/LOSH_006/L_24N19870_CKDL250006273-1A_22J7G3LT4_L6_2.fq.gz	@LH00516:305:22J7G3LT4:6:1101:39112:1042
data/fastqs/LOSH_006/L_24N19871_CKDL250006273-1A_22J7G3LT4_L6_1.fq.gz	@LH00516:305:22J7G3LT4:6:1101:40050:1042
data/fastqs/LOSH_006/L_24N19871_CKDL250006273-1A_22J7G3LT4_L6_2.fq.gz	@LH00516:305:22J7G3LT4:6:1101:40050:1042
data/fastqs/LOSH_006/L_24N22996_CKDL250006273-1A_22J7G3LT4_L6_1.fq.gz	@LH00516:305:22J7G3LT4:6:1101:38416:1042
data/fastqs/LOSH_006/L_24N22996_CKDL250006273-1A_22J7G3LT4_L6_2.fq.gz	@LH00516:305:22J7G3LT4:6:1101:38416:1042
data/fastqs/LOSH_006/L_24N22997_CKDL250006273-1A_22J7G3LT4_L6_1.fq.gz	@LH00516:305:22J7G3LT4:6:1101:38093:1042
data/fastqs/LOSH_006/L_24N22997_CKDL250006273-1A_22J7G3LT4_L6_2.fq.gz	@LH00516:305:22J7G3LT4:6:1101:38093:1042
data/fastqs/LOSH_006/L_24N22998_CKDL250006273-1A_22J7G3LT4_L6_1.fq.gz	@LH00516:305:22J7G3LT4:6:1101:38206:1042
data/fastqs/LOSH_006/L_24N22998_CKDL250006273-1A_22J7G3LT4_L6_2.fq.gz	@LH00516:305:22J7G3LT4:6:1101:38206:1042
data/fastqs/LOSH_006/L_24N22999_CKDL250006273-1A_22J7G3LT4_L6_1.fq.gz	@LH00516:305:22J7G3LT4:6:1101:38546:1042
data/fastqs/LOSH_006/L_24N22999_CKDL250006273-1A_22J7G3LT4_L6_2.fq.gz	@LH00516:305:22J7G3LT4:6:1101:38546:1042
data/fastqs/LOSH_006/L_24N23000_CKDL250006273-1A_22J7G3LT4_L6_1.fq.gz	@LH00516:305:22J7G3LT4:6:1101:39128:1042
data/fastqs/LOSH_006/L_24N23000_CKDL250006273-1A_22J7G3LT4_L6_2.fq.gz	@LH00516:305:22J7G3LT4:6:1101:39128:1042
data/fastqs/LOSH_006/L_24N23001_CKDL250006273-1A_22J7G3LT4_L6_1.fq.gz	@LH00516:305:22J7G3LT4:6:1101:39678:1042
data/fastqs/LOSH_006/L_24N23001_CKDL250006273-1A_22J7G3LT4_L6_2.fq.gz	@LH00516:305:22J7G3LT4:6:1101:39678:1042
data/fastqs/LOSH_006/L_24N23002_CKDL250006273-1A_22J7G3LT4_L6_1.fq.gz	@LH00516:305:22J7G3LT4:6:1101:38432:1042
data/fastqs/LOSH_006/L_24N23002_CKDL250006273-1A_22J7G3LT4_L6_2.fq.gz	@LH00516:305:22J7G3LT4:6:1101:38432:1042
data/fastqs/LOSH_006/L_24N23003_CKDL250006273-1A_22J7G3LT4_L6_1.fq.gz	@LH00516:305:22J7G3LT4:6:1101:38610:1042
data/fastqs/LOSH_006/L_24N23003_CKDL250006273-1A_22J7G3LT4_L6_2.fq.gz	@LH00516:305:22J7G3LT4:6:1101:38610:1042
data/fastqs/LOSH_006/S_24N03274_CKDL250006273-1A_22J7G3LT4_L6_1.fq.gz	@LH00516:305:22J7G3LT4:6:1101:38902:1042
data/fastqs/LOSH_006/S_24N03274_CKDL250006273-1A_22J7G3LT4_L6_2.fq.gz	@LH00516:305:22J7G3LT4:6:1101:38902:1042
data/fastqs/LOSH_006/S_24N19708_CKDL250006273-1A_22J7G3LT4_L6_1.fq.gz	@LH00516:305:22J7G3LT4:6:1101:38627:1042
data/fastqs/LOSH_006/S_24N19708_CKDL250006273-1A_22J7G3LT4_L6_2.fq.gz	@LH00516:305:22J7G3LT4:6:1101:38627:1042
data/fastqs/LOSH_006/S_24N19758_CKDL250006273-1A_22J7G3LT4_L6_1.fq.gz	@LH00516:305:22J7G3LT4:6:1101:39387:1042
data/fastqs/LOSH_006/S_24N19758_CKDL250006273-1A_22J7G3LT4_L6_2.fq.gz	@LH00516:305:22J7G3LT4:6:1101:39387:1042
data/fastqs/LOSH_006/S_24N19759_CKDL250006273-1A_22J7G3LT4_L6_1.fq.gz	@LH00516:305:22J7G3LT4:6:1101:38384:1042
data/fastqs/LOSH_006/S_24N19759_CKDL250006273-1A_22J7G3LT4_L6_2.fq.gz	@LH00516:305:22J7G3LT4:6:1101:38384:1042
data/fastqs/LOSH_006/S_24N19760_CKDL250006273-1A_22J7G3LT4_L6_1.fq.gz	@LH00516:305:22J7G3LT4:6:1101:40552:1042
data/fastqs/LOSH_006/S_24N19760_CKDL250006273-1A_22J7G3LT4_L6_2.fq.gz	@LH00516:305:22J7G3LT4:6:1101:40552:1042
data/fastqs/LOSH_006/S_24N19793_CKDL250006273-1A_22J7G3LT4_L6_1.fq.gz	@LH00516:305:22J7G3LT4:6:1101:38481:1042
data/fastqs/LOSH_006/S_24N19793_CKDL250006273-1A_22J7G3LT4_L6_2.fq.gz	@LH00516:305:22J7G3LT4:6:1101:38481:1042
data/fastqs/LOSH_006/S_24N19794_CKDL250006273-1A_22J7G3LT4_L6_1.fq.gz	@LH00516:305:22J7G3LT4:6:1101:39872:1042
data/fastqs/LOSH_006/S_24N19794_CKDL250006273-1A_22J7G3LT4_L6_2.fq.gz	@LH00516:305:22J7G3LT4:6:1101:39872:1042
data/fastqs/LOSH_006/S_24N19797_CKDL250006273-1A_22J7G3LT4_L6_1.fq.gz	@LH00516:305:22J7G3LT4:6:1101:42008:1042
data/fastqs/LOSH_006/S_24N19797_CKDL250006273-1A_22J7G3LT4_L6_2.fq.gz	@LH00516:305:22J7G3LT4:6:1101:42008:1042
data/fastqs/LOSH_006/S_24N19822_CKDL250006273-1A_22J7G3LT4_L6_1.fq.gz	@LH00516:305:22J7G3LT4:6:1101:38303:1042
data/fastqs/LOSH_006/S_24N19822_CKDL250006273-1A_22J7G3LT4_L6_2.fq.gz	@LH00516:305:22J7G3LT4:6:1101:38303:1042
data/fastqs/LOSH_006/S_24N19823_CKDL250006273-1A_22J7G3LT4_L6_1.fq.gz	@LH00516:305:22J7G3LT4:6:1101:38076:1042
data/fastqs/LOSH_006/S_24N19823_CKDL250006273-1A_22J7G3LT4_L6_2.fq.gz	@LH00516:305:22J7G3LT4:6:1101:38076:1042
data/fastqs/LOSH_006/S_24N19824_CKDL250006273-1A_22J7G3LT4_L6_1.fq.gz	@LH00516:305:22J7G3LT4:6:1101:38918:1042
data/fastqs/LOSH_006/S_24N19824_CKDL250006273-1A_22J7G3LT4_L6_2.fq.gz	@LH00516:305:22J7G3LT4:6:1101:38918:1042
data/fastqs/LOSH_006/S_24N19825_CKDL250006273-1A_22J7G3LT4_L6_1.fq.gz	@LH00516:305:22J7G3LT4:6:1101:46409:1042
data/fastqs/LOSH_006/S_24N19825_CKDL250006273-1A_22J7G3LT4_L6_2.fq.gz	@LH00516:305:22J7G3LT4:6:1101:46409:1042
data/fastqs/LOSH_006/S_24N19826_CKDL250006273-1A_22J7G3LT4_L6_1.fq.gz	@LH00516:305:22J7G3LT4:6:1101:38335:1042
data/fastqs/LOSH_006/S_24N19826_CKDL250006273-1A_22J7G3LT4_L6_2.fq.gz	@LH00516:305:22J7G3LT4:6:1101:38335:1042
data/fastqs/LOSH_006/S_24N19831_CKDL250006273-1A_22J7G3LT4_L6_1.fq.gz	@LH00516:305:22J7G3LT4:6:1101:22778:1056
data/fastqs/LOSH_006/S_24N19831_CKDL250006273-1A_22J7G3LT4_L6_2.fq.gz	@LH00516:305:22J7G3LT4:6:1101:22778:1056
data/fastqs/LOSH_006/S_24N19832_CKDL250006273-1A_22J7G3LT4_L6_1.fq.gz	@LH00516:305:22J7G3LT4:6:1101:27503:1056
data/fastqs/LOSH_006/S_24N19832_CKDL250006273-1A_22J7G3LT4_L6_2.fq.gz	@LH00516:305:22J7G3LT4:6:1101:27503:1056
data/fastqs/LOSH_006/S_24N19833_CKDL250006273-1A_22J7G3LT4_L6_1.fq.gz	@LH00516:305:22J7G3LT4:6:1101:49775:1042
data/fastqs/LOSH_006/S_24N19833_CKDL250006273-1A_22J7G3LT4_L6_2.fq.gz	@LH00516:305:22J7G3LT4:6:1101:49775:1042
data/fastqs/LOSH_006/S_24N19834_CKDL250006273-1A_22J7G3LT4_L6_1.fq.gz	@LH00516:305:22J7G3LT4:6:1101:41329:1042
data/fastqs/LOSH_006/S_24N19834_CKDL250006273-1A_22J7G3LT4_L6_2.fq.gz	@LH00516:305:22J7G3LT4:6:1101:41329:1042
data/fastqs/LOSH_006/S_24N19835_CKDL250006273-1A_22J7G3LT4_L6_1.fq.gz	@LH00516:305:22J7G3LT4:6:1101:22115:1056
data/fastqs/LOSH_006/S_24N19835_CKDL250006273-1A_22J7G3LT4_L6_2.fq.gz	@LH00516:305:22J7G3LT4:6:1101:22115:1056
data/fastqs/LOSH_006/S_24N19838_CKDL250006273-1A_22J7G3LT4_L6_1.fq.gz	@LH00516:305:22J7G3LT4:6:1101:42089:1042
data/fastqs/LOSH_006/S_24N19838_CKDL250006273-1A_22J7G3LT4_L6_2.fq.gz	@LH00516:305:22J7G3LT4:6:1101:42089:1042
data/fastqs/LOSH_006/S_24N19839_CKDL250006273-1A_22J7G3LT4_L6_1.fq.gz	@LH00516:305:22J7G3LT4:6:1101:38109:1042
data/fastqs/LOSH_006/S_24N19839_CKDL250006273-1A_22J7G3LT4_L6_2.fq.gz	@LH00516:305:22J7G3LT4:6:1101:38109:1042
data/fastqs/LOSH_006/S_24N19842_CKDL250006273-1A_22J7G3LT4_L6_1.fq.gz	@LH00516:305:22J7G3LT4:6:1101:39557:1056
data/fastqs/LOSH_006/S_24N19842_CKDL250006273-1A_22J7G3LT4_L6_2.fq.gz	@LH00516:305:22J7G3LT4:6:1101:39557:1056
data/fastqs/LOSH_006/S_24N19844_CKDL250006273-1A_22J7G3LT4_L6_1.fq.gz	@LH00516:305:22J7G3LT4:6:1101:38594:1042
data/fastqs/LOSH_006/S_24N19844_CKDL250006273-1A_22J7G3LT4_L6_2.fq.gz	@LH00516:305:22J7G3LT4:6:1101:38594:1042
data/fastqs/LOSH_006/S_24N19858_CKDL250006273-1A_22J7G3LT4_L6_1.fq.gz	@LH00516:305:22J7G3LT4:6:1101:38449:1042
data/fastqs/LOSH_006/S_24N19858_CKDL250006273-1A_22J7G3LT4_L6_2.fq.gz	@LH00516:305:22J7G3LT4:6:1101:38449:1042
data/fastqs/LOSH_006/S_24N19859_CKDL250006273-1A_22J7G3LT4_L6_1.fq.gz	@LH00516:305:22J7G3LT4:6:1101:38756:1042
data/fastqs/LOSH_006/S_24N19859_CKDL250006273-1A_22J7G3LT4_L6_2.fq.gz	@LH00516:305:22J7G3LT4:6:1101:38756:1042
data/fastqs/LOSH_006/S_24N19863_CKDL250006273-1A_22J7G3LT4_L6_1.fq.gz	@LH00516:305:22J7G3LT4:6:1101:40536:1042
data/fastqs/LOSH_006/S_24N19863_CKDL250006273-1A_22J7G3LT4_L6_2.fq.gz	@LH00516:305:22J7G3LT4:6:1101:40536:1042
data/fastqs/LOSH_006/S_24N19864_CKDL250006273-1A_22J7G3LT4_L6_1.fq.gz	@LH00516:305:22J7G3LT4:6:1101:39840:1042
data/fastqs/LOSH_006/S_24N19864_CKDL250006273-1A_22J7G3LT4_L6_2.fq.gz	@LH00516:305:22J7G3LT4:6:1101:39840:1042
