chrom	num_bases
Scaffold_1__1_contigs__length_151072562	151072563
Scaffold_2__1_contigs__length_114774641	114774642
Scaffold_3__1_contigs__length_112408489	112408490
Scaffold_4__1_contigs__length_75720081	75720082
Scaffold_5__1_contigs__length_71959612	71959613
Scaffold_6__1_contigs__length_71876329	71876330
Scaffold_7__1_contigs__length_62267870	62267871
Scaffold_8__1_contigs__length_35685229	35685230
Scaffold_9__1_contigs__length_6533178	6533178
Scaffold_10__1_contigs__length_4747999	4747999
Scaffold_11__1_contigs__length_4700999	4700999
Scaffold_14__1_contigs__length_5954999	5954999
Scaffold_15__1_contigs__length_6553978	6553978
Scaffold_16__1_contigs__length_31385163	31385164
Scaffold_17__1_contigs__length_31071440	31071441
Scaffold_18__1_contigs__length_25274884	25274885
Scaffold_19__1_contigs__length_21238924	21238925
Scaffold_20__1_contigs__length_20685320	20685321
Scaffold_21__1_contigs__length_20640149	20640150
Scaffold_22__1_contigs__length_19532606	19532607
Scaffold_23__1_contigs__length_18116493	18116494
Scaffold_24__1_contigs__length_16295608	16295609
Scaffold_25__1_contigs__length_14943599	14943600
Scaffold_26__1_contigs__length_14031782	14031783
Scaffold_27__1_contigs__length_12364714	12364715
Scaffold_28__1_contigs__length_11240829	11240830
Scaffold_29__1_contigs__length_11217357	11217358
Scaffold_30__1_contigs__length_7941326	7941327
Scaffold_31__1_contigs__length_7482407	7482408
Scaffold_32__1_contigs__length_5435730	5435731
